{
    "camera": [{
               "model": "undefined",
               "intrinsic": [1, 0, 1,
                             0, 1, 1,
                             0, 0, 1
                             ],
               "distorsion": [0, 0, 0, 0, 0]
               },
               {
               "model": "iPhone 7",
               "intrinsic": [792.06244159781602, 0, 230.87504866781001,
                             0, 884.6580598068027, 430.85607000868379,
                             0, 0, 1
                             ],
               "distorsion": [0, 0, 0, 0, 0]
               },
               {
               "model": "iPad 5",
               "intrinsic": [2060.7260749721354, 0, 939.76149552353831,
                             0, 1733.7909124959388, 585.58846567812441,
                             0, 0, 1
                             ],
               "distorsion": [-0.31449157748890122, 5.2692671911044187, 0.01876321962405604, -0.0041884967386291, -21.623747600981908]
               
               },
               {
               "model": "WAW",
               "intrinsic": [33868.8, 0, 2016,
                             0, 31752, 1512,
                             0, 0, 1
                             ],
               "distorsion": [0, 0, 0, 0, 0]
               
               }
               ]
}
